Workbook

Sheet Overview
A1: Filament Inventory — Overview
A2: What filament is on hand, at a glance. Every count below is a live formula over the Inventory tab, so it updates the moment a spool is logged from a photo. Prices and buy thresholds live in the separate Filament Pricing sheet — this one is stock only.
A3: Metric | B3: Count | C3: What it means
A4: Spools logged | B4: =COUNTA(Inventory!$B$4:$B$63) -> 0 | C4: Total spools with a row in Inventory. 0 until the first photos are logged.
A5: Est. filament on hand (kg) | B5: =SUM(Inventory!$G$4:$G$63) -> 0 | C5: Sum of Est. left (kg) = Size x Remaining for every logged spool.
A6: Sealed | B6: =COUNTIF(Inventory!$H$4:$H$63,"Sealed") -> 0 | C6: Unopened spools.
A7: Open - stored | B7: =COUNTIF(Inventory!$H$4:$H$63,"Open - stored") -> 0 | C7: Opened spools put away (shelf, bin, dryer box).
A8: Open - in use | B8: =COUNTIF(Inventory!$H$4:$H$63,"Open - in use") -> 0 | C8: On the printer, in the AMS, or in the dryer right now.
A9: Low | B9: =COUNTIF(Inventory!$H$4:$H$63,"Low") -> 0 | C9: Running low — check the Filament Pricing sheet's Deal? flags before reordering.
A10: Empty | B10: =COUNTIF(Inventory!$H$4:$H$63,"Empty") -> 0 | C10: Finished spools. Kept in the log so usage history isn't lost; delete the row if you prefer a clean count.
A12: Next step
A13: Take a photo of each spool — label facing the camera and the whole spool in frame so the remaining amount can be estimated — and send them over. Each one gets categorised and added as a row in Inventory, the Summary tab breaks the stock down by brand, type and colour, and these counts fill in automatically. One spool per photo is cleanest; a group shot works if every label is readable.

Sheet Inventory
A1: Filament Inventory — Spool Log
A2: One row per spool. Send a photo of each spool and it gets logged here from the label: brand, type and colour are read off the spool, Remaining is estimated from how full it looks, and the photo filename goes in Photo ref so any row can be traced back to its picture. Starts empty — nothing is listed until the first photos arrive.
A3: # | B3: Brand | C3: Type | D3: Color | E3: Size (kg) | F3: Remaining (%) | G3: Est. left (kg) | H3: Status | I3: Location | J3: Date logged | K3: Photo ref | L3: Notes
G4: =IF(OR(E4="",F4=""),"",E4*F4)
G5: =IF(OR(E5="",F5=""),"",E5*F5)
G6: =IF(OR(E6="",F6=""),"",E6*F6)
G7: =IF(OR(E7="",F7=""),"",E7*F7)
G8: =IF(OR(E8="",F8=""),"",E8*F8)
G9: =IF(OR(E9="",F9=""),"",E9*F9)
G10: =IF(OR(E10="",F10=""),"",E10*F10)
G11: =IF(OR(E11="",F11=""),"",E11*F11)
G12: =IF(OR(E12="",F12=""),"",E12*F12)
G13: =IF(OR(E13="",F13=""),"",E13*F13)
G14: =IF(OR(E14="",F14=""),"",E14*F14)
G15: =IF(OR(E15="",F15=""),"",E15*F15)
... G63: =IF(OR(E63="",F63=""),"",E63*F63)

Sheet Summary
A1: Inventory Summary — By Brand, Type & Colour
A2: Live counts from the Inventory tab (COUNTIF / SUMIF — nothing to type here). Colour counts match keywords in the Color column, so write colours plainly (e.g. 'Matte White', 'Silk Red') and they land in the right row.
A4: By brand
A5: Category | B5: Spools | C5: Est. left (kg) | D5: Notes
A6: Inland (Micro Center) | B6: =COUNTIF(Inventory!$B$4:$B$63,$A6) -> 0 | C6: =SUMIF(Inventory!$B$4:$B$63,$A6,Inventory!$G$4:$G$63) -> 0
A7: Overture | B7: =COUNTIF(Inventory!$B$4:$B$63,$A7) -> 0 | C7: =SUMIF(Inventory!$B$4:$B$63,$A7,Inventory!$G$4:$G$63) -> 0
A8: SUNLU | B8: =COUNTIF(Inventory!$B$4:$B$63,$A8) -> 0 | C8: =SUMIF(Inventory!$B$4:$B$63,$A8,Inventory!$G$4:$G$63) -> 0
A9: Elegoo | B9: =COUNTIF(Inventory!$B$4:$B$63,$A9) -> 0 | C9: =SUMIF(Inventory!$B$4:$B$63,$A9,Inventory!$G$4:$G$63) -> 0
A10: Bambu Lab | B10: =COUNTIF(Inventory!$B$4:$B$63,$A10) -> 0 | C10: =SUMIF(Inventory!$B$4:$B$63,$A10,Inventory!$G$4:$G$63) -> 0
A11: Creality | B11: =COUNTIF(Inventory!$B$4:$B$63,$A11) -> 0 | C11: =SUMIF(Inventory!$B$4:$B$63,$A11,Inventory!$G$4:$G$63) -> 0
A12: Other / Unknown | B12: =COUNTIF(Inventory!$B$4:$B$63,$A12) -> 0 | C12: =SUMIF(Inventory!$B$4:$B$63,$A12,Inventory!$G$4:$G$63) -> 0
A14: By type
A15: Category | B15: Spools | C15: Est. left (kg) | D15: Notes
A16: Matte PLA | B16: =COUNTIF(Inventory!$C$4:$C$63,$A16) -> 0 | C16: =SUMIF(Inventory!$C$4:$C$63,$A16,Inventory!$G$4:$G$63) -> 0 | D16: Matte PLA is the main stock.
A17: PLA+ | B17: =COUNTIF(Inventory!$C$4:$C$63,$A17) -> 0 | C17: =SUMIF(Inventory!$C$4:$C$63,$A17,Inventory!$G$4:$G$63) -> 0
A18: Silk PLA | B18: =COUNTIF(Inventory!$C$4:$C$63,$A18) -> 0 | C18: =SUMIF(Inventory!$C$4:$C$63,$A18,Inventory!$G$4:$G$63) -> 0
A19: Regular PLA | B19: =COUNTIF(Inventory!$C$4:$C$63,$A19) -> 0 | C19: =SUMIF(Inventory!$C$4:$C$63,$A19,Inventory!$G$4:$G$63) -> 0
A20: TPU | B20: =COUNTIF(Inventory!$C$4:$C$63,$A20) -> 0 | C20: =SUMIF(Inventory!$C$4:$C$63,$A20,Inventory!$G$4:$G$63) -> 0
A21: PETG | B21: =COUNTIF(Inventory!$C$4:$C$63,$A21) -> 0 | C21: =SUMIF(Inventory!$C$4:$C$63,$A21,Inventory!$G$4:$G$63) -> 0
A22: ABS | B22: =COUNTIF(Inventory!$C$4:$C$63,$A22) -> 0 | C22: =SUMIF(Inventory!$C$4:$C$63,$A22,Inventory!$G$4:$G$63) -> 0
A23: ASA | B23: =COUNTIF(Inventory!$C$4:$C$63,$A23) -> 0 | C23: =SUMIF(Inventory!$C$4:$C$63,$A23,Inventory!$G$4:$G$63) -> 0
A24: Specialty | B24: =COUNTIF(Inventory!$C$4:$C$63,$A24) -> 0 | C24: =SUMIF(Inventory!$C$4:$C$63,$A24,Inventory!$G$4:$G$63) -> 0
A25: Other | B25: =COUNTIF(Inventory!$C$4:$C$63,$A25) -> 0 | C25: =SUMIF(Inventory!$C$4:$C$63,$A25,Inventory!$G$4:$G$63) -> 0
A27: By colour (keyword in Color)
A28: Category | B28: Spools | C28: Est. left (kg) | D28: Notes
A29: White | B29: =COUNTIF(Inventory!$D$4:$D$63,"*White*") -> 0 | C29: =SUMIF(Inventory!$D$4:$D$63,"*White*",Inventory!$G$4:$G$63) -> 0
A30: Black | B30: =COUNTIF(Inventory!$D$4:$D$63,"*Black*") -> 0 | C30: =SUMIF(Inventory!$D$4:$D$63,"*Black*",Inventory!$G$4:$G$63) -> 0
A31: Grey / Gray | B31: =COUNTIF(Inventory!$D$4:$D$63,"*Grey*") -> 0 | C31: =SUMIF(Inventory!$D$4:$D$63,"*Grey*",Inventory!$G$4:$G$63) -> 0
A32: Red | B32: =COUNTIF(Inventory!$D$4:$D$63,"*Red*") -> 0 | C32: =SUMIF(Inventory!$D$4:$D$63,"*Red*",Inventory!$G$4:$G$63) -> 0
A33: Blue | B33: =COUNTIF(Inventory!$D$4:$D$63,"*Blue*") -> 0 | C33: =SUMIF(Inventory!$D$4:$D$63,"*Blue*",Inventory!$G$4:$G$63) -> 0
A34: Green | B34: =COUNTIF(Inventory!$D$4:$D$63,"*Green*") -> 0 | C34: =SUMIF(Inventory!$D$4:$D$63,"*Green*",Inventory!$G$4:$G$63) -> 0
A35: Brown / Tan | B35: =COUNTIF(Inventory!$D$4:$D$63,"*Brown*") -> 0 | C35: =SUMIF(Inventory!$D$4:$D$63,"*Brown*",Inventory!$G$4:$G$63) -> 0
A36: Yellow | B36: =COUNTIF(Inventory!$D$4:$D$63,"*Yellow*") -> 0 | C36: =SUMIF(Inventory!$D$4:$D$63,"*Yellow*",Inventory!$G$4:$G$63) -> 0
A37: Orange | B37: =COUNTIF(Inventory!$D$4:$D$63,"*Orange*") -> 0 | C37: =SUMIF(Inventory!$D$4:$D$63,"*Orange*",Inventory!$G$4:$G$63) -> 0
A38: Pink | B38: =COUNTIF(Inventory!$D$4:$D$63,"*Pink*") -> 0 | C38: =SUMIF(Inventory!$D$4:$D$63,"*Pink*",Inventory!$G$4:$G$63) -> 0
A39: Purple | B39: =COUNTIF(Inventory!$D$4:$D$63,"*Purple*") -> 0 | C39: =SUMIF(Inventory!$D$4:$D$63,"*Purple*",Inventory!$G$4:$G$63) -> 0
A41: Colour notes: Grey counts 'Grey' (write gray as grey), Brown / Tan counts 'Brown' (write tan spools as 'Brown / Tan'), and a multi-colour spool whose name contains two keywords can count in two rows — the brand and type totals above are the exact ones.

Sheet How to Use
A1: How to Use — Photo Logging
A2: How spool photos become inventory rows, what each column means, and the one example row format. The example below is an EXAMPLE only — it is not Scott's stock, and it is not counted anywhere in this workbook.
A3: Topic | B3: Details
A4: Send photos | B4: Photograph each spool and send the pictures. Benson reads the label, categorises the spool (brand / type / colour), estimates how much is left from how full the spool looks, and adds one row per spool to Inventory with the photo's filename in Photo ref.
A5: Good photo = good log | B5: Label facing the camera and readable; whole spool in frame (a spool shot edge-on hides how much is left); decent light so the colour reads true. One spool per photo is cleanest — a group shot works when every label is legible. If a spool is unlabelled, say its brand / type / colour in the message and that gets logged instead.
A6: Yellow cells are the inputs | B6: In Inventory, every yellow cell is typed in: #, Brand, Type, Color, Size (kg), Remaining (%), Status, Location, Date logged, Photo ref, Notes. Brand, Type and Status are dropdown lists matching the brands and types tracked in Filament Pricing. Est. left (kg) is the only formula column — leave it alone: = Size x Remaining.
A7: Remaining (%) | B7: Share of the spool left, as a % (type 75% or 0.75). Guide: sealed / untouched = 100%; about three-quarters full = 75%; half = 50%; quarter = 25%; just the core showing = 10% or less. It is an estimate from the photo unless the spool gets weighed — if you weigh one, put the scale weight minus the empty-spool weight in Notes and set Remaining from that.
A8: Status | B8: Sealed = never opened. Open - stored = opened, put away. Open - in use = on the printer, in the AMS or in the dryer. Low = nearly out (Remaining under 25% also highlights pink). Empty = finished; the row stays for history unless you delete it.
A9: Location | B9: Where the spool physically is — free text, keep it short and consistent (e.g. Shelf, Bin 1, AMS, Dryer, Printer). Consistent words make the log searchable.
A10: EXAMPLE row (not stock) | B10: # 1 | Brand: Overture | Type: Matte PLA | Color: Matte White | Size (kg): 1.00 | Remaining: 100% | Est. left (kg): 1.00 (formula) | Status: Sealed | Location: Shelf | Date logged: date the photo was logged | Photo ref: the photo's filename | Notes: anything the label shows that doesn't fit elsewhere (lot, finish). A real logged row looks exactly like this — this example itself is not counted.
A11: Keeping it current | B11: When a spool moves, empties, or a new one arrives, send a photo (or just say what changed) and the row gets updated. Overview and Summary are formulas, so they follow Inventory automatically — never type counts into them.
A12: Prices are elsewhere | B12: This sheet tracks what you OWN. What things COST — and when a price is good enough to buy — stays in the Filament Pricing sheet, which the Friday watcher keeps updated.
