Workbook

Sheet Overview
A1: PRODUCT PIPELINE — OVERVIEW
A2: What's stuck where, at a glance. All numbers below are live formulas from the Pipeline tab — edit the Pipeline, not this page.
A4: Total products | B4: =COUNTA(Pipeline!A5:A28) -> 24
A5: Blocked (has a blocker) | B5: =COUNTIFS(Pipeline!E5:E28,"<>—",Pipeline!E5:E28,"<>") -> 11
A6: Listed or marketed | B6: =COUNTIF(Pipeline!C5:C28,"Listed")+COUNTIF(Pipeline!C5:C28,"Marketed") -> 6
A8: Stage | B8: Count | C8: What it means
A9: Idea | B9: =COUNTIF(Pipeline!C$5:C$28,A9) -> 1 | C9: Form not chosen yet — needs 4–5 options proposed first.
A10: Modeled | B10: =COUNTIF(Pipeline!C$5:C$28,A10) -> 15 | C10: File exists, not yet printed.
A11: Test Printed | B11: =COUNTIF(Pipeline!C$5:C$28,A11) -> 2 | C11: Real print made — check it, fix problems, then photograph it.
A12: Photographed | B12: =COUNTIF(Pipeline!C$5:C$28,A12) -> 0 | C12: Real-product photos done — ready to draft the listing.
A13: Listed | B13: =COUNTIF(Pipeline!C$5:C$28,A13) -> 6 | C13: Live on Etsy.
A14: Marketed | B14: =COUNTIF(Pipeline!C$5:C$28,A14) -> 0 | C14: Listed and promoted on social.
A16: WHERE IT'S STUCK RIGHT NOW (from the Pipeline tab, Oct 11)
A17: • Christmas Village: modeled, not printed or listed — blocked on the 5 raised-letter sign rebuilds. Social launch target ~Nov 1; order-by cutoff ~Dec 12.
A18: • Haunted Town: Post Office + Chapel test printed, the other 6 modeled — all blocked on listing photos, titles, tags and prices. Halloween 2026 is home display only.
A19: • Discount Tire: modeled, blocked on your feedback on v3m.
A20: • Nothing is at Photographed or Marketed yet — that's the gap: finished work with no listing photos is where products are piling up.

Sheet Pipeline
A1: PRODUCT PIPELINE — OnBrandCraftz
A2: One row per product. Change only the Stage column as work moves — the Overview counts update themselves. Stages in order: Idea → Modeled → Test Printed → Photographed → Listed → Marketed.
A3: Yellow cells are yours to edit. Etsy rule: listing photos must show the real physical product — renders are social-only.
A4: Product | B4: Family | C4: Stage | D4: Next step | E4: Blocker / waiting on | F4: Priority | G4: Target | H4: Notes
A5: Christmas Village — Complete Set (15 buildings) | B5: Christmas Village | C5: Modeled | D5: Print the buildings (print weekend Oct 10–11) | E5: Raised-letter rebuilds for 5 signs still pending — current files are Oct 3 carved-sign versions | F5: High | G5: ~Nov 1 launch | H5: Gingerbread + Victorian lines. Social collage + 15-slide carousel published Oct 6; animated night-scene video awaiting approval. Not listed on Etsy yet.
A6: Christmas Village — Inn | B6: Christmas Village | C6: Modeled | D6: Rebuild with raised INN sign, then print | E6: Waiting on raised-letter rebuild | F6: High | G6: ~Nov 1 | H6: Raised-letter sign approved (INN).
A7: Christmas Village — Santa's Workshop | B7: Christmas Village | C7: Modeled | D7: Rebuild with raised sign, then print | E7: Waiting on raised-letter rebuild | F7: High | G7: ~Nov 1 | H7: Raised-letter sign approved.
A8: Christmas Village — Toy Shop (TOYS) | B8: Christmas Village | C8: Modeled | D8: Rebuild with raised TOYS sign, then print | E8: Waiting on raised-letter rebuild | F8: High | G8: ~Nov 1 | H8: Raised-letter sign approved.
A9: Christmas Village — Sweets Shop (SWEETS) | B9: Christmas Village | C9: Modeled | D9: Rebuild with raised SWEETS sign, then print | E9: Waiting on raised-letter rebuild | F9: High | G9: ~Nov 1 | H9: Raised-letter sign approved.
A10: Christmas Village — Cocoa Shop (COCOA) | B10: Christmas Village | C10: Modeled | D10: Rebuild with raised COCOA sign, then print | E10: Waiting on raised-letter rebuild | F10: High | G10: ~Nov 1 | H10: Raised-letter sign approved.
A11: Christmas Village — Other 10 buildings | B11: Christmas Village | C11: Modeled | D11: Print during Christmas print run | E11: — | F11: High | G11: ~Nov 1 | H11: Remaining gingerbread + Victorian buildings from the 15-model set. Individual names to split out as printed.
A12: Haunted Town — Post Office | B12: Haunted Town | C12: Test Printed | D12: Photograph the real print, then draft listing | E12: Listing photos, title, tags & price still to do | F12: Medium | H12: Printed in white + a painted copy. Sign changed to raised letters after carved letters read poorly; test print of new signs — feedback pending. Home display only for Halloween 2026.
A13: Haunted Town — Chapel | B13: Haunted Town | C13: Test Printed | D13: Photograph the real print, then draft listing | E13: Listing photos, title, tags & price still to do | F13: Medium | H13: Printed. Home display only for Halloween 2026.
A14: Haunted Town — Bakery | B14: Haunted Town | C14: Modeled | D14: Test print | E14: — | F14: Medium | H14: Square plan, hollow for LED tea light. Not listed yet.
A15: Haunted Town — General Store | B15: Haunted Town | C15: Modeled | D15: Test print | E15: — | F15: Medium | H15: Square plan, hollow for LED tea light. Not listed yet.
A16: Haunted Town — Schoolhouse | B16: Haunted Town | C16: Modeled | D16: Test print | E16: — | F16: Medium | H16: Square plan, hollow for LED tea light. Not listed yet.
A17: Haunted Town — Undertaker | B17: Haunted Town | C17: Modeled | D17: Test print | E17: — | F17: Medium | H17: Square plan, hollow for LED tea light. Not listed yet.
A18: Haunted Town — Manor | B18: Haunted Town | C18: Modeled | D18: Test print | E18: — | F18: Medium | H18: Square plan, hollow for LED tea light. Not listed yet.
A19: Haunted Town — Cemetery (scenery) | B19: Haunted Town | C19: Modeled | D19: Test print | E19: — | F19: Medium | H19: Scenery piece. Carved epitaphs stay as-is.
A20: Discount Tire Store | B20: Custom Models | C20: Modeled | D20: Review v3m and give feedback | E20: Awaiting Scott's feedback on v3m (delivered Oct 7) | F20: High | H20: Traced-logo lettering, tower fixed to z=64. Watertight, hollow for tea light. Not yet approved, so not test printed.
A21: Fairy House | B21: Fairy / Garden | C21: Idea | D21: Pick a form from 4–5 design options | E21: Design choice not yet made | F21: Low | H21: New designs need 4–5 distinct options proposed before modelling.
A22: Digital Planner DP1026 | B22: Digital Planners | C22: Listed | D22: — | E22: — | F22: Low | H22: Live.
A23: Digital Planner DP1027 | B23: Digital Planners | C23: Listed | D23: — | E23: — | F23: Low | H23: Live.
... A28: Printable Wall Art / Calendars | B28: Stickers & Printables | C28: Listed | D28: — | E28: — | F28: Low | H28: Existing products, live.

Sheet By Family
A1: PRODUCTS BY FAMILY AND STAGE
A3: Family | B3: Idea | C3: Modeled | D3: Test Printed | E3: Photographed | F3: Listed | G3: Marketed | H3: Total
A4: Christmas Village | B4: =COUNTIFS(Pipeline!$B$5:$B$28,$A4,Pipeline!$C$5:$C$28,B$3) -> 0 | C4: =COUNTIFS(Pipeline!$B$5:$B$28,$A4,Pipeline!$C$5:$C$28,C$3) -> 7 | D4: =COUNTIFS(Pipeline!$B$5:$B$28,$A4,Pipeline!$C$5:$C$28,D$3) -> 0 | E4: =COUNTIFS(Pipeline!$B$5:$B$28,$A4,Pipeline!$C$5:$C$28,E$3) -> 0 | F4: =COUNTIFS(Pipeline!$B$5:$B$28,$A4,Pipeline!$C$5:$C$28,F$3) -> 0 | G4: =COUNTIFS(Pipeline!$B$5:$B$28,$A4,Pipeline!$C$5:$C$28,G$3) -> 0 | H4: =SUM(B4:G4) -> 7
A5: Haunted Town | B5: =COUNTIFS(Pipeline!$B$5:$B$28,$A5,Pipeline!$C$5:$C$28,B$3) -> 0 | C5: =COUNTIFS(Pipeline!$B$5:$B$28,$A5,Pipeline!$C$5:$C$28,C$3) -> 6 | D5: =COUNTIFS(Pipeline!$B$5:$B$28,$A5,Pipeline!$C$5:$C$28,D$3) -> 2 | E5: =COUNTIFS(Pipeline!$B$5:$B$28,$A5,Pipeline!$C$5:$C$28,E$3) -> 0 | F5: =COUNTIFS(Pipeline!$B$5:$B$28,$A5,Pipeline!$C$5:$C$28,F$3) -> 0 | G5: =COUNTIFS(Pipeline!$B$5:$B$28,$A5,Pipeline!$C$5:$C$28,G$3) -> 0 | H5: =SUM(B5:G5) -> 8
A6: Custom Models | B6: =COUNTIFS(Pipeline!$B$5:$B$28,$A6,Pipeline!$C$5:$C$28,B$3) -> 0 | C6: =COUNTIFS(Pipeline!$B$5:$B$28,$A6,Pipeline!$C$5:$C$28,C$3) -> 1 | D6: =COUNTIFS(Pipeline!$B$5:$B$28,$A6,Pipeline!$C$5:$C$28,D$3) -> 0 | E6: =COUNTIFS(Pipeline!$B$5:$B$28,$A6,Pipeline!$C$5:$C$28,E$3) -> 0 | F6: =COUNTIFS(Pipeline!$B$5:$B$28,$A6,Pipeline!$C$5:$C$28,F$3) -> 0 | G6: =COUNTIFS(Pipeline!$B$5:$B$28,$A6,Pipeline!$C$5:$C$28,G$3) -> 0 | H6: =SUM(B6:G6) -> 1
A7: Fairy / Garden | B7: =COUNTIFS(Pipeline!$B$5:$B$28,$A7,Pipeline!$C$5:$C$28,B$3) -> 1 | C7: =COUNTIFS(Pipeline!$B$5:$B$28,$A7,Pipeline!$C$5:$C$28,C$3) -> 0 | D7: =COUNTIFS(Pipeline!$B$5:$B$28,$A7,Pipeline!$C$5:$C$28,D$3) -> 0 | E7: =COUNTIFS(Pipeline!$B$5:$B$28,$A7,Pipeline!$C$5:$C$28,E$3) -> 0 | F7: =COUNTIFS(Pipeline!$B$5:$B$28,$A7,Pipeline!$C$5:$C$28,F$3) -> 0 | G7: =COUNTIFS(Pipeline!$B$5:$B$28,$A7,Pipeline!$C$5:$C$28,G$3) -> 0 | H7: =SUM(B7:G7) -> 1
A8: Digital Planners | B8: =COUNTIFS(Pipeline!$B$5:$B$28,$A8,Pipeline!$C$5:$C$28,B$3) -> 0 | C8: =COUNTIFS(Pipeline!$B$5:$B$28,$A8,Pipeline!$C$5:$C$28,C$3) -> 1 | D8: =COUNTIFS(Pipeline!$B$5:$B$28,$A8,Pipeline!$C$5:$C$28,D$3) -> 0 | E8: =COUNTIFS(Pipeline!$B$5:$B$28,$A8,Pipeline!$C$5:$C$28,E$3) -> 0 | F8: =COUNTIFS(Pipeline!$B$5:$B$28,$A8,Pipeline!$C$5:$C$28,F$3) -> 4 | G8: =COUNTIFS(Pipeline!$B$5:$B$28,$A8,Pipeline!$C$5:$C$28,G$3) -> 0 | H8: =SUM(B8:G8) -> 5
A9: Stickers & Printables | B9: =COUNTIFS(Pipeline!$B$5:$B$28,$A9,Pipeline!$C$5:$C$28,B$3) -> 0 | C9: =COUNTIFS(Pipeline!$B$5:$B$28,$A9,Pipeline!$C$5:$C$28,C$3) -> 0 | D9: =COUNTIFS(Pipeline!$B$5:$B$28,$A9,Pipeline!$C$5:$C$28,D$3) -> 0 | E9: =COUNTIFS(Pipeline!$B$5:$B$28,$A9,Pipeline!$C$5:$C$28,E$3) -> 0 | F9: =COUNTIFS(Pipeline!$B$5:$B$28,$A9,Pipeline!$C$5:$C$28,F$3) -> 2 | G9: =COUNTIFS(Pipeline!$B$5:$B$28,$A9,Pipeline!$C$5:$C$28,G$3) -> 0 | H9: =SUM(B9:G9) -> 2
A10: Total | B10: =SUM(B4:B9) -> 1 | C10: =SUM(C4:C9) -> 15 | D10: =SUM(D4:D9) -> 2 | E10: =SUM(E4:E9) -> 0 | F10: =SUM(F4:F9) -> 6 | G10: =SUM(G4:G9) -> 0 | H10: =SUM(H4:H9) -> 24

Sheet How to Use
A1: HOW TO USE THIS TRACKER
A3: 1. Work in the Pipeline tab. One row per product.
A4: 2. When work moves, change the Stage cell (tap it — there's a dropdown): Idea → Modeled → Test Printed → Photographed → Listed → Marketed. Use the furthest stage actually finished.
A5: 3. Keep Next step to the single next action, and Blocker to what's actually stopping it (write — when nothing is).
A6: 4. Overview and By Family update themselves from formulas — don't type numbers there.
A7: 5. Add a product: add a row at the bottom of the Pipeline list. The Overview totals count rows 5–28; if you go past that, tell Benson and the ranges get extended.
A8: 6. Photographed means real-product photos. Etsy listings must show the real physical product — renders and AI images are for Instagram/Threads only.
A9: 7. Nothing publishes to Etsy from this sheet. Listings still go through your one-tap approval in Frank's Action Center.
A10: Starting point (Oct 11, 2026): stages were filled in from what's known — Christmas Village modeled with print planned Oct 10–11 and 5 raised-letter rebuilds pending; Haunted Town Post Office and Chapel printed, the rest modeled; Discount Tire v3m awaiting feedback; DP1026–DP1029 live and DP1030–DP1034 drafted. Correct any row that's off and the counts follow.
